CustomerID,Prob_Churn,Factor_Riesgo,Accion_Recomendada
9497-QCMMS,0.9595128,tenure,Llamada de cortesía: Asegurar satisfacción en sus primeros meses.
6857-VWJDT,0.95861053,tenure,Llamada de cortesía: Asegurar satisfacción en sus primeros meses.
4910-GMJOT,0.9544999,tenure,Llamada de cortesía: Asegurar satisfacción en sus primeros meses.
9057-SIHCH,0.953575,MonthlyCharges,Ofrecer bundle (paquete) con servicios extra por el mismo precio.
3068-OMWZA,0.95139277,tenure,Llamada de cortesía: Asegurar satisfacción en sus primeros meses.
9282-IZGQK,0.94828403,Contract_Month-to-month,Ofrecer migración a contrato anual con 15% de descuento.
6230-BSUXY,0.9467193,tenure,Llamada de cortesía: Asegurar satisfacción en sus primeros meses.
5192-EBGOV,0.9465305,tenure,Llamada de cortesía: Asegurar satisfacción en sus primeros meses.
9248-OJYKK,0.94516665,tenure,Llamada de cortesía: Asegurar satisfacción en sus primeros meses.
1415-YFWLT,0.94501966,tenure,Llamada de cortesía: Asegurar satisfacción en sus primeros meses.
9223-UCPVT,0.9448102,tenure,Llamada de cortesía: Asegurar satisfacción en sus primeros meses.
0107-YHINA,0.9441512,Contract_Month-to-month,Ofrecer migración a contrato anual con 15% de descuento.
3722-WPXTK,0.9436047,tenure,Llamada de cortesía: Asegurar satisfacción en sus primeros meses.
9885-CSMWE,0.94359803,tenure,Llamada de cortesía: Asegurar satisfacción en sus primeros meses.
3387-VATUS,0.9422036,tenure,Llamada de cortesía: Asegurar satisfacción en sus primeros meses.
2982-IHMFT,0.9400532,tenure,Llamada de cortesía: Asegurar satisfacción en sus primeros meses.
0495-RVCBF,0.9400174,tenure,Llamada de cortesía: Asegurar satisfacción en sus primeros meses.
2868-MZAGQ,0.93956095,tenure,Llamada de cortesía: Asegurar satisfacción en sus primeros meses.
9747-DDZOS,0.9383725,tenure,Llamada de cortesía: Asegurar satisfacción en sus primeros meses.
1761-AEZZR,0.93808997,tenure,Llamada de cortesía: Asegurar satisfacción en sus primeros meses.
5960-WPXQM,0.93808997,tenure,Llamada de cortesía: Asegurar satisfacción en sus primeros meses.
2514-GINMM,0.93808997,tenure,Llamada de cortesía: Asegurar satisfacción en sus primeros meses.
5150-ITWWB,0.9377457,Contract_Month-to-month,Ofrecer migración a contrato anual con 15% de descuento.
1374-DMZUI,0.9376904,Contract_Month-to-month,Ofrecer migración a contrato anual con 15% de descuento.
2720-WGKHP,0.93745166,tenure,Llamada de cortesía: Asegurar satisfacción en sus primeros meses.
6960-HVYXR,0.93699867,Contract_Month-to-month,Ofrecer migración a contrato anual con 15% de descuento.
7024-OHCCK,0.9367671,tenure,Llamada de cortesía: Asegurar satisfacción en sus primeros meses.
4132-KALRO,0.93652064,tenure,Llamada de cortesía: Asegurar satisfacción en sus primeros meses.
7294-TMAOP,0.9359527,tenure,Llamada de cortesía: Asegurar satisfacción en sus primeros meses.
4844-JJWUY,0.93581814,tenure,Llamada de cortesía: Asegurar satisfacción en sus primeros meses.
6688-UZPWD,0.93568814,MonthlyCharges,Ofrecer bundle (paquete) con servicios extra por el mismo precio.
7851-WZEKY,0.9350582,Contract_Month-to-month,Ofrecer migración a contrato anual con 15% de descuento.
9290-SHCMB,0.93433934,Contract_Month-to-month,Ofrecer migración a contrato anual con 15% de descuento.
4550-EVXNY,0.9340962,tenure,Llamada de cortesía: Asegurar satisfacción en sus primeros meses.
2180-DXNEG,0.933495,MonthlyCharges,Ofrecer bundle (paquete) con servicios extra por el mismo precio.
7577-SWIFR,0.9334853,tenure,Llamada de cortesía: Asegurar satisfacción en sus primeros meses.
0970-ETWGE,0.9334853,tenure,Llamada de cortesía: Asegurar satisfacción en sus primeros meses.
3027-ZTDHO,0.9334853,tenure,Llamada de cortesía: Asegurar satisfacción en sus primeros meses.
5275-SQEIZ,0.9333614,tenure,Llamada de cortesía: Asegurar satisfacción en sus primeros meses.
9787-XVQIU,0.9327911,Contract_Month-to-month,Ofrecer migración a contrato anual con 15% de descuento.
4929-XIHVW,0.93274003,tenure,Llamada de cortesía: Asegurar satisfacción en sus primeros meses.
8821-XNHVZ,0.9326863,tenure,Llamada de cortesía: Asegurar satisfacción en sus primeros meses.
0723-DRCLG,0.93243575,Contract_Month-to-month,Ofrecer migración a contrato anual con 15% de descuento.
7526-BEZQB,0.9309504,MonthlyCharges,Ofrecer bundle (paquete) con servicios extra por el mismo precio.
6358-LYNGM,0.93091094,Contract_Month-to-month,Ofrecer migración a contrato anual con 15% de descuento.
5043-TRZWM,0.93083173,tenure,Llamada de cortesía: Asegurar satisfacción en sus primeros meses.
9728-FTTVZ,0.93012536,tenure,Llamada de cortesía: Asegurar satisfacción en sus primeros meses.
0488-GSLFR,0.93012536,tenure,Llamada de cortesía: Asegurar satisfacción en sus primeros meses.
4415-IJZTP,0.9300246,Contract_Month-to-month,Ofrecer migración a contrato anual con 15% de descuento.
3428-XZMAZ,0.9295993,tenure,Llamada de cortesía: Asegurar satisfacción en sus primeros meses.
1820-TQVEV,0.9295993,tenure,Llamada de cortesía: Asegurar satisfacción en sus primeros meses.
7254-IQWOZ,0.9295993,tenure,Llamada de cortesía: Asegurar satisfacción en sus primeros meses.
6457-GIRWB,0.9295993,tenure,Llamada de cortesía: Asegurar satisfacción en sus primeros meses.
6502-MJQAE,0.9295993,tenure,Llamada de cortesía: Asegurar satisfacción en sus primeros meses.
8775-ERLNB,0.9288287,Contract_Month-to-month,Ofrecer migración a contrato anual con 15% de descuento.
4315-MURBD,0.9285276,MonthlyCharges,Ofrecer bundle (paquete) con servicios extra por el mismo precio.
8375-DKEBR,0.9283008,tenure,Llamada de cortesía: Asegurar satisfacción en sus primeros meses.
2636-ALXXZ,0.9283008,tenure,Llamada de cortesía: Asegurar satisfacción en sus primeros meses.
7206-GZCDC,0.9283008,tenure,Llamada de cortesía: Asegurar satisfacción en sus primeros meses.
4871-JTKJF,0.9283008,tenure,Llamada de cortesía: Asegurar satisfacción en sus primeros meses.
8945-GRKHX,0.9278741,tenure,Llamada de cortesía: Asegurar satisfacción en sus primeros meses.
6350-XFYGW,0.92779636,Contract_Month-to-month,Ofrecer migración a contrato anual con 15% de descuento.
5542-TBBWB,0.92718375,tenure,Llamada de cortesía: Asegurar satisfacción en sus primeros meses.
8473-VUVJN,0.92668617,Contract_Month-to-month,Ofrecer migración a contrato anual con 15% de descuento.
3707-GNWHM,0.92614424,tenure,Llamada de cortesía: Asegurar satisfacción en sus primeros meses.
5550-VFRLC,0.9258443,tenure,Llamada de cortesía: Asegurar satisfacción en sus primeros meses.
1833-VGRUM,0.92575,Contract_Month-to-month,Ofrecer migración a contrato anual con 15% de descuento.
6215-NQCPY,0.9256258,Contract_Month-to-month,Ofrecer migración a contrato anual con 15% de descuento.
6416-TVAIH,0.9252891,tenure,Llamada de cortesía: Asegurar satisfacción en sus primeros meses.
5134-IKDAY,0.9238795,Contract_Month-to-month,Ofrecer migración a contrato anual con 15% de descuento.
5318-IXUZF,0.92262876,Contract_Month-to-month,Ofrecer migración a contrato anual con 15% de descuento.
6892-EZDTG,0.9221759,Contract_Month-to-month,Ofrecer migración a contrato anual con 15% de descuento.
1086-LXKFY,0.92183095,tenure,Llamada de cortesía: Asegurar satisfacción en sus primeros meses.
5196-SGOAK,0.9216638,Contract_Month-to-month,Ofrecer migración a contrato anual con 15% de descuento.
5052-PNLOS,0.91975784,Contract_Month-to-month,Ofrecer migración a contrato anual con 15% de descuento.
1031-IIDEO,0.9197554,Contract_Month-to-month,Ofrecer migración a contrato anual con 15% de descuento.
0151-ONTOV,0.91934955,tenure,Llamada de cortesía: Asegurar satisfacción en sus primeros meses.
8040-MNRTF,0.91934955,tenure,Llamada de cortesía: Asegurar satisfacción en sus primeros meses.
5919-TMRGD,0.9193393,tenure,Llamada de cortesía: Asegurar satisfacción en sus primeros meses.
8644-XLFBW,0.9184319,tenure,Llamada de cortesía: Asegurar satisfacción en sus primeros meses.
3049-SOLAY,0.9178334,Contract_Month-to-month,Ofrecer migración a contrato anual con 15% de descuento.
4951-UKAAQ,0.91501844,Contract_Month-to-month,Ofrecer migración a contrato anual con 15% de descuento.
9050-IKDZA,0.91466963,Contract_Month-to-month,Ofrecer migración a contrato anual con 15% de descuento.
2506-TNFCO,0.91456574,tenure,Llamada de cortesía: Asegurar satisfacción en sus primeros meses.
2545-EBUPK,0.9145505,Contract_Month-to-month,Ofrecer migración a contrato anual con 15% de descuento.
5937-EORGB,0.91442025,Contract_Month-to-month,Ofrecer migración a contrato anual con 15% de descuento.
6496-SLWHQ,0.91416645,Contract_Month-to-month,Ofrecer migración a contrato anual con 15% de descuento.
6015-VVHHE,0.9140978,Contract_Month-to-month,Ofrecer migración a contrato anual con 15% de descuento.
8042-JVNFH,0.9136065,tenure,Llamada de cortesía: Asegurar satisfacción en sus primeros meses.
7594-RQHXR,0.9129446,tenure,Llamada de cortesía: Asegurar satisfacción en sus primeros meses.
1062-LHZOD,0.91287535,tenure,Llamada de cortesía: Asegurar satisfacción en sus primeros meses.
2660-EMUBI,0.91077,Contract_Month-to-month,Ofrecer migración a contrato anual con 15% de descuento.
0259-GBZSH,0.91055125,Contract_Month-to-month,Ofrecer migración a contrato anual con 15% de descuento.
9094-AZPHK,0.9104543,Contract_Month-to-month,Ofrecer migración a contrato anual con 15% de descuento.
0011-IGKFF,0.91006404,Contract_Month-to-month,Ofrecer migración a contrato anual con 15% de descuento.
4750-ZRXIU,0.9100052,Contract_Month-to-month,Ofrecer migración a contrato anual con 15% de descuento.
7994-UYIVZ,0.9085705,Contract_Month-to-month,Ofrecer migración a contrato anual con 15% de descuento.
5293-WXJAK,0.90834856,MonthlyCharges,Ofrecer bundle (paquete) con servicios extra por el mismo precio.
8739-XNIKG,0.9055098,Contract_Month-to-month,Ofrecer migración a contrato anual con 15% de descuento.
0329-GTIAJ,0.9054846,tenure,Llamada de cortesía: Asegurar satisfacción en sus primeros meses.
2034-GDRCN,0.90177494,Contract_Month-to-month,Ofrecer migración a contrato anual con 15% de descuento.
7943-RQCHR,0.9015749,Contract_Month-to-month,Ofrecer migración a contrato anual con 15% de descuento.
4952-YSOGZ,0.9003239,Contract_Month-to-month,Ofrecer migración a contrato anual con 15% de descuento.
1389-CXMLU,0.89918005,Contract_Month-to-month,Ofrecer migración a contrato anual con 15% de descuento.
9957-YODKZ,0.89906335,Contract_Month-to-month,Ofrecer migración a contrato anual con 15% de descuento.
0432-CAJZV,0.8983297,Contract_Month-to-month,Ofrecer migración a contrato anual con 15% de descuento.
2135-DQWAQ,0.8973642,Contract_Month-to-month,Ofrecer migración a contrato anual con 15% de descuento.
8337-UPOAQ,0.89674133,Contract_Month-to-month,Ofrecer migración a contrato anual con 15% de descuento.
0334-GDDSO,0.895937,Contract_Month-to-month,Ofrecer migración a contrato anual con 15% de descuento.
3473-XIIIT,0.89582795,Contract_Month-to-month,Ofrecer migración a contrato anual con 15% de descuento.
2754-SDJRD,0.8952413,MonthlyCharges,Ofrecer bundle (paquete) con servicios extra por el mismo precio.
7228-OMTPN,0.8951578,Contract_Month-to-month,Ofrecer migración a contrato anual con 15% de descuento.
8258-GSTJK,0.89515626,Contract_Month-to-month,Ofrecer migración a contrato anual con 15% de descuento.
3727-RJMEO,0.89501196,Contract_Month-to-month,Ofrecer migración a contrato anual con 15% de descuento.
2672-HUYVI,0.8949875,Contract_Month-to-month,Ofrecer migración a contrato anual con 15% de descuento.
1768-ZAIFU,0.8949011,Contract_Month-to-month,Ofrecer migración a contrato anual con 15% de descuento.
2868-SNELZ,0.8944744,Contract_Month-to-month,Ofrecer migración a contrato anual con 15% de descuento.
3776-EKTKM,0.89415765,Contract_Month-to-month,Ofrecer migración a contrato anual con 15% de descuento.
2674-MIAHT,0.8924166,Contract_Month-to-month,Ofrecer migración a contrato anual con 15% de descuento.
9878-TNQGW,0.8920278,Contract_Month-to-month,Ofrecer migración a contrato anual con 15% de descuento.
4795-KTRTH,0.89202046,Contract_Month-to-month,Ofrecer migración a contrato anual con 15% de descuento.
0637-KVDLV,0.8915694,Contract_Month-to-month,Ofrecer migración a contrato anual con 15% de descuento.
5561-NWEVX,0.8910848,Contract_Month-to-month,Ofrecer migración a contrato anual con 15% de descuento.
5935-FCCNB,0.8894956,Contract_Month-to-month,Ofrecer migración a contrato anual con 15% de descuento.
3677-IYRBF,0.8889955,Contract_Month-to-month,Ofrecer migración a contrato anual con 15% de descuento.
6086-ESGRL,0.8887675,Contract_Month-to-month,Ofrecer migración a contrato anual con 15% de descuento.
9696-RMYBA,0.88854194,Contract_Month-to-month,Ofrecer migración a contrato anual con 15% de descuento.
1618-CFHME,0.88826543,Contract_Month-to-month,Ofrecer migración a contrato anual con 15% de descuento.
8086-OVPWV,0.8878756,Contract_Month-to-month,Ofrecer migración a contrato anual con 15% de descuento.
4702-IOQDC,0.88774455,Contract_Month-to-month,Ofrecer migración a contrato anual con 15% de descuento.
6653-CBBOM,0.88774455,Contract_Month-to-month,Ofrecer migración a contrato anual con 15% de descuento.
3244-DCJWY,0.88774455,Contract_Month-to-month,Ofrecer migración a contrato anual con 15% de descuento.
0328-GRPMV,0.88774455,Contract_Month-to-month,Ofrecer migración a contrato anual con 15% de descuento.
1122-JWTJW,0.88758194,tenure,Llamada de cortesía: Asegurar satisfacción en sus primeros meses.
1450-GALXR,0.8873949,MonthlyCharges,Ofrecer bundle (paquete) con servicios extra por el mismo precio.
3045-XETSH,0.8866662,Contract_Month-to-month,Ofrecer migración a contrato anual con 15% de descuento.
9809-IMGCQ,0.88546455,Contract_Month-to-month,Ofrecer migración a contrato anual con 15% de descuento.
0564-JJHGS,0.88474745,Contract_Month-to-month,Ofrecer migración a contrato anual con 15% de descuento.
6161-UUUTA,0.88433313,Contract_Month-to-month,Ofrecer migración a contrato anual con 15% de descuento.
9689-PTNPG,0.88325065,Contract_Month-to-month,Ofrecer migración a contrato anual con 15% de descuento.
7767-UXAGJ,0.8824631,tenure,Llamada de cortesía: Asegurar satisfacción en sus primeros meses.
7225-CBZPL,0.882187,Contract_Month-to-month,Ofrecer migración a contrato anual con 15% de descuento.
7903-CMPEY,0.8809642,tenure,Llamada de cortesía: Asegurar satisfacción en sus primeros meses.
2982-VPSGI,0.8808013,Contract_Month-to-month,Ofrecer migración a contrato anual con 15% de descuento.
8992-JQYUN,0.8807321,Contract_Month-to-month,Ofrecer migración a contrato anual con 15% de descuento.
1363-TXLSL,0.88062245,Contract_Month-to-month,Ofrecer migración a contrato anual con 15% de descuento.
8642-GVWRF,0.8771916,Contract_Month-to-month,Ofrecer migración a contrato anual con 15% de descuento.
7668-XCFYV,0.8771762,Contract_Month-to-month,Ofrecer migración a contrato anual con 15% de descuento.
4847-TAJYI,0.87628114,Contract_Month-to-month,Ofrecer migración a contrato anual con 15% de descuento.
0822-GAVAP,0.8753957,Contract_Month-to-month,Ofrecer migración a contrato anual con 15% de descuento.
7892-POOKP,0.8751069,Contract_Month-to-month,Ofrecer migración a contrato anual con 15% de descuento.
2038-OEQZH,0.87510484,Contract_Month-to-month,Ofrecer migración a contrato anual con 15% de descuento.
0306-JAELE,0.8747746,tenure,Llamada de cortesía: Asegurar satisfacción en sus primeros meses.
3191-CSNMG,0.87440646,Contract_Month-to-month,Ofrecer migración a contrato anual con 15% de descuento.
9402-ORRAH,0.87348115,Contract_Month-to-month,Ofrecer migración a contrato anual con 15% de descuento.
2260-USTRB,0.87290317,Contract_Month-to-month,Ofrecer migración a contrato anual con 15% de descuento.
4806-KEXQR,0.8727834,Contract_Month-to-month,Ofrecer migración a contrato anual con 15% de descuento.
2074-GKOWZ,0.8723629,Contract_Month-to-month,Ofrecer migración a contrato anual con 15% de descuento.
7145-FEJWU,0.8712383,Contract_Month-to-month,Ofrecer migración a contrato anual con 15% de descuento.
3672-YITQD,0.8711536,Contract_Month-to-month,Ofrecer migración a contrato anual con 15% de descuento.
9134-CEQMF,0.8708962,Contract_Month-to-month,Ofrecer migración a contrato anual con 15% de descuento.
6979-ZNSFF,0.87058276,Contract_Month-to-month,Ofrecer migración a contrato anual con 15% de descuento.
0612-RTZZA,0.8699508,Contract_Month-to-month,Ofrecer migración a contrato anual con 15% de descuento.
3874-EQOEP,0.8686974,Contract_Month-to-month,Ofrecer migración a contrato anual con 15% de descuento.
2642-DTVCO,0.86822164,Contract_Month-to-month,Ofrecer migración a contrato anual con 15% de descuento.
6892-XPFPU,0.86578465,Contract_Month-to-month,Ofrecer migración a contrato anual con 15% de descuento.
5995-SNNEW,0.86578465,Contract_Month-to-month,Ofrecer migración a contrato anual con 15% de descuento.
8625-AZYZY,0.86472255,Contract_Month-to-month,Ofrecer migración a contrato anual con 15% de descuento.
8058-JMEQO,0.8644563,Contract_Month-to-month,Ofrecer migración a contrato anual con 15% de descuento.
2990-HWIML,0.8644474,Contract_Month-to-month,Ofrecer migración a contrato anual con 15% de descuento.
7218-HKQFK,0.86408377,tenure,Llamada de cortesía: Asegurar satisfacción en sus primeros meses.
7079-QRCBC,0.86234504,Contract_Month-to-month,Ofrecer migración a contrato anual con 15% de descuento.
1579-KLYDT,0.8617268,Contract_Month-to-month,Ofrecer migración a contrato anual con 15% de descuento.
5216-WASFJ,0.8614566,Contract_Month-to-month,Ofrecer migración a contrato anual con 15% de descuento.
1028-FFNJK,0.8610353,Contract_Month-to-month,Ofrecer migración a contrato anual con 15% de descuento.
4317-VTEOA,0.85641956,tenure,Llamada de cortesía: Asegurar satisfacción en sus primeros meses.
5348-CAGXB,0.85622346,Contract_Month-to-month,Ofrecer migración a contrato anual con 15% de descuento.
4817-VYYWS,0.8551233,Contract_Month-to-month,Ofrecer migración a contrato anual con 15% de descuento.
6689-TCZHQ,0.85470927,Contract_Month-to-month,Ofrecer migración a contrato anual con 15% de descuento.
2845-AFFTX,0.85336995,Contract_Month-to-month,Ofrecer migración a contrato anual con 15% de descuento.
0947-IDHRQ,0.8532097,Contract_Month-to-month,Ofrecer migración a contrato anual con 15% de descuento.
9514-JDSKI,0.8526694,Contract_Month-to-month,Ofrecer migración a contrato anual con 15% de descuento.
3096-GKWEB,0.85207605,Contract_Month-to-month,Ofrecer migración a contrato anual con 15% de descuento.
3934-HXCFZ,0.85008633,Contract_Month-to-month,Ofrecer migración a contrato anual con 15% de descuento.
6959-UWKHF,0.8492139,tenure,Llamada de cortesía: Asegurar satisfacción en sus primeros meses.
5590-BYNII,0.84790504,Contract_Month-to-month,Ofrecer migración a contrato anual con 15% de descuento.
6087-MVHJH,0.8477851,Contract_Month-to-month,Ofrecer migración a contrato anual con 15% de descuento.
8931-GJJIQ,0.84647197,Contract_Month-to-month,Ofrecer migración a contrato anual con 15% de descuento.
3420-YJLQT,0.84646803,Contract_Month-to-month,Ofrecer migración a contrato anual con 15% de descuento.
1751-NCDLI,0.84587836,Contract_Month-to-month,Ofrecer migración a contrato anual con 15% de descuento.
6851-WEFYX,0.8457366,Contract_Month-to-month,Ofrecer migración a contrato anual con 15% de descuento.
5501-TVMGM,0.8452362,tenure,Llamada de cortesía: Asegurar satisfacción en sus primeros meses.
3583-EKAPL,0.8452362,tenure,Llamada de cortesía: Asegurar satisfacción en sus primeros meses.
9185-TQCVP,0.8444551,Contract_Month-to-month,Ofrecer migración a contrato anual con 15% de descuento.
3500-RMZLT,0.84389955,Contract_Month-to-month,Ofrecer migración a contrato anual con 15% de descuento.
7952-OBOYL,0.84193987,Contract_Month-to-month,Ofrecer migración a contrato anual con 15% de descuento.
4706-AXVKM,0.84120965,Contract_Month-to-month,Ofrecer migración a contrato anual con 15% de descuento.
8111-SLLHI,0.84078735,Contract_Month-to-month,Ofrecer migración a contrato anual con 15% de descuento.
7048-GXDAY,0.84069866,MonthlyCharges,Ofrecer bundle (paquete) con servicios extra por el mismo precio.
5357-TZHPP,0.8405009,Contract_Month-to-month,Ofrecer migración a contrato anual con 15% de descuento.
8185-UPYBR,0.84034544,Contract_Month-to-month,Ofrecer migración a contrato anual con 15% de descuento.
8280-MQRQN,0.8403015,tenure,Llamada de cortesía: Asegurar satisfacción en sus primeros meses.
8634-MPHTR,0.8396048,Contract_Month-to-month,Ofrecer migración a contrato anual con 15% de descuento.
7142-HVGBG,0.8383251,Contract_Month-to-month,Ofrecer migración a contrato anual con 15% de descuento.
7056-IMHCC,0.83821905,Contract_Month-to-month,Ofrecer migración a contrato anual con 15% de descuento.
4910-AQFFX,0.8369447,Contract_Month-to-month,Ofrecer migración a contrato anual con 15% de descuento.
1766-GKNMI,0.8358989,Contract_Month-to-month,Ofrecer migración a contrato anual con 15% de descuento.
9637-EIHEQ,0.83540046,tenure,Llamada de cortesía: Asegurar satisfacción en sus primeros meses.
5445-UTODQ,0.8352261,Contract_Month-to-month,Ofrecer migración a contrato anual con 15% de descuento.
1666-JXLKU,0.8328327,Contract_Month-to-month,Ofrecer migración a contrato anual con 15% de descuento.
8705-WZCYL,0.83259463,tenure,Llamada de cortesía: Asegurar satisfacción en sus primeros meses.
6198-RTPMF,0.8319437,Contract_Month-to-month,Ofrecer migración a contrato anual con 15% de descuento.
0508-OOLTO,0.8316589,Contract_Month-to-month,Ofrecer migración a contrato anual con 15% de descuento.
2645-QTLMB,0.8312616,Contract_Month-to-month,Ofrecer migración a contrato anual con 15% de descuento.
2103-ZRXFN,0.83103216,tenure,Llamada de cortesía: Asegurar satisfacción en sus primeros meses.
7571-YXDAD,0.83057356,Contract_Month-to-month,Ofrecer migración a contrato anual con 15% de descuento.
0225-ZORZP,0.82985455,Contract_Month-to-month,Ofrecer migración a contrato anual con 15% de descuento.
5673-FSSMF,0.82940924,Contract_Month-to-month,Ofrecer migración a contrato anual con 15% de descuento.
0404-SWRVG,0.82817966,Contract_Month-to-month,Ofrecer migración a contrato anual con 15% de descuento.
6437-UKHMV,0.8270983,Contract_Month-to-month,Ofrecer migración a contrato anual con 15% de descuento.
5019-GQVCR,0.8268054,Contract_Month-to-month,Ofrecer migración a contrato anual con 15% de descuento.
0168-XZKBB,0.8265683,Contract_Month-to-month,Ofrecer migración a contrato anual con 15% de descuento.
8063-GBATB,0.82638633,Contract_Month-to-month,Ofrecer migración a contrato anual con 15% de descuento.
3254-YRILK,0.82516,Contract_Month-to-month,Ofrecer migración a contrato anual con 15% de descuento.
8873-GLDMH,0.8250258,Contract_Month-to-month,Ofrecer migración a contrato anual con 15% de descuento.
1262-OPMFY,0.8244011,Contract_Month-to-month,Ofrecer migración a contrato anual con 15% de descuento.
7831-QGOXH,0.824331,Contract_Month-to-month,Ofrecer migración a contrato anual con 15% de descuento.
0302-JOIVN,0.8242385,Contract_Month-to-month,Ofrecer migración a contrato anual con 15% de descuento.
6817-WTYHE,0.822589,Contract_Month-to-month,Ofrecer migración a contrato anual con 15% de descuento.
3992-YWPKO,0.8221357,tenure,Llamada de cortesía: Asegurar satisfacción en sus primeros meses.
3384-CTMSF,0.8221114,Contract_Month-to-month,Ofrecer migración a contrato anual con 15% de descuento.
8696-JKZNU,0.82203853,Contract_Month-to-month,Ofrecer migración a contrato anual con 15% de descuento.
5956-VKDTT,0.821865,Contract_Month-to-month,Ofrecer migración a contrato anual con 15% de descuento.
3338-CVVEH,0.8215923,Contract_Month-to-month,Ofrecer migración a contrato anual con 15% de descuento.
0258-NOKBL,0.82148796,Contract_Month-to-month,Ofrecer migración a contrato anual con 15% de descuento.
6519-CFDBX,0.8211275,Contract_Month-to-month,Ofrecer migración a contrato anual con 15% de descuento.
7240-FQLHE,0.8204362,MonthlyCharges,Ofrecer bundle (paquete) con servicios extra por el mismo precio.
4847-QNOKA,0.8203338,tenure,Llamada de cortesía: Asegurar satisfacción en sus primeros meses.
0923-PNFUB,0.8199912,Contract_Month-to-month,Ofrecer migración a contrato anual con 15% de descuento.
4706-DGAHW,0.81936574,tenure,Llamada de cortesía: Asegurar satisfacción en sus primeros meses.
5980-NOPLP,0.81868654,Contract_Month-to-month,Ofrecer migración a contrato anual con 15% de descuento.
3518-PZXZQ,0.8184452,tenure,Llamada de cortesía: Asegurar satisfacción en sus primeros meses.
8819-IMISP,0.81753147,Contract_Month-to-month,Ofrecer migración a contrato anual con 15% de descuento.
8875-AKBYH,0.81747884,Contract_Month-to-month,Ofrecer migración a contrato anual con 15% de descuento.
1254-IZEYF,0.816682,Contract_Month-to-month,Ofrecer migración a contrato anual con 15% de descuento.
7748-UMTRK,0.81607896,Contract_Month-to-month,Ofrecer migración a contrato anual con 15% de descuento.
4919-MOAVT,0.8158716,Contract_Month-to-month,Ofrecer migración a contrato anual con 15% de descuento.
6650-VJONK,0.8158359,tenure,Llamada de cortesía: Asegurar satisfacción en sus primeros meses.
4009-ALQFH,0.81577384,Contract_Month-to-month,Ofrecer migración a contrato anual con 15% de descuento.
8922-LIEGH,0.81529725,Contract_Month-to-month,Ofrecer migración a contrato anual con 15% de descuento.
6000-APYLU,0.81466335,Contract_Month-to-month,Ofrecer migración a contrato anual con 15% de descuento.
0023-XUOPT,0.81439215,Contract_Month-to-month,Ofrecer migración a contrato anual con 15% de descuento.
0480-BIXDE,0.81431013,Contract_Month-to-month,Ofrecer migración a contrato anual con 15% de descuento.
7426-RHZGU,0.8142414,Contract_Month-to-month,Ofrecer migración a contrato anual con 15% de descuento.
3714-NTNFO,0.81351644,Contract_Month-to-month,Ofrecer migración a contrato anual con 15% de descuento.
6034-YMTOB,0.813269,Contract_Month-to-month,Ofrecer migración a contrato anual con 15% de descuento.
9314-IJWSQ,0.81292397,Contract_Month-to-month,Ofrecer migración a contrato anual con 15% de descuento.
7363-QTBIW,0.81276864,Contract_Month-to-month,Ofrecer migración a contrato anual con 15% de descuento.
7130-VTEWQ,0.81240946,Contract_Month-to-month,Ofrecer migración a contrato anual con 15% de descuento.
6352-TWCAU,0.81216604,Contract_Month-to-month,Ofrecer migración a contrato anual con 15% de descuento.
7858-GTZSP,0.811708,Contract_Month-to-month,Ofrecer migración a contrato anual con 15% de descuento.
1602-IJQQE,0.8114645,Contract_Month-to-month,Ofrecer migración a contrato anual con 15% de descuento.
7823-JSOAG,0.8110702,Contract_Month-to-month,Ofrecer migración a contrato anual con 15% de descuento.
3550-SAHFP,0.8109876,Contract_Month-to-month,Ofrecer migración a contrato anual con 15% de descuento.
4480-QQRHC,0.8109721,Contract_Month-to-month,Ofrecer migración a contrato anual con 15% de descuento.
8720-RQSBJ,0.8106288,tenure,Llamada de cortesía: Asegurar satisfacción en sus primeros meses.
9752-ZNQUT,0.8103526,tenure,Llamada de cortesía: Asegurar satisfacción en sus primeros meses.
6905-NIQIN,0.8092393,tenure,Llamada de cortesía: Asegurar satisfacción en sus primeros meses.
4537-DKTAL,0.80886984,Contract_Month-to-month,Ofrecer migración a contrato anual con 15% de descuento.
1379-FRVEB,0.80858326,Contract_Month-to-month,Ofrecer migración a contrato anual con 15% de descuento.
2232-DMLXU,0.80823874,tenure,Llamada de cortesía: Asegurar satisfacción en sus primeros meses.
0871-URUWO,0.80746067,Contract_Month-to-month,Ofrecer migración a contrato anual con 15% de descuento.
1077-HUUJM,0.80728227,Contract_Month-to-month,Ofrecer migración a contrato anual con 15% de descuento.
7586-ZATGZ,0.8069202,Contract_Month-to-month,Ofrecer migración a contrato anual con 15% de descuento.
2369-UAPKZ,0.80681163,Contract_Month-to-month,Ofrecer migración a contrato anual con 15% de descuento.
4817-QRJSX,0.8067832,Contract_Month-to-month,Ofrecer migración a contrato anual con 15% de descuento.
8225-BTJAU,0.806706,Contract_Month-to-month,Ofrecer migración a contrato anual con 15% de descuento.
2905-KFQUV,0.8059296,Contract_Month-to-month,Ofrecer migración a contrato anual con 15% de descuento.
6145-NNPNO,0.8059292,tenure,Llamada de cortesía: Asegurar satisfacción en sus primeros meses.
8486-AYEQH,0.8058718,Contract_Month-to-month,Ofrecer migración a contrato anual con 15% de descuento.
7029-RPUAV,0.80499315,Contract_Month-to-month,Ofrecer migración a contrato anual con 15% de descuento.
7394-LWLYN,0.80416995,Contract_Month-to-month,Ofrecer migración a contrato anual con 15% de descuento.
7354-OIJLX,0.8038259,Contract_Month-to-month,Ofrecer migración a contrato anual con 15% de descuento.
6267-DCFFZ,0.8037259,Contract_Month-to-month,Ofrecer migración a contrato anual con 15% de descuento.
3317-HRTNN,0.80299735,Contract_Month-to-month,Ofrecer migración a contrato anual con 15% de descuento.
8878-HMWBV,0.802173,Contract_Month-to-month,Ofrecer migración a contrato anual con 15% de descuento.
6212-ATMLK,0.80202854,Contract_Month-to-month,Ofrecer migración a contrato anual con 15% de descuento.
6338-AVWCY,0.8016564,Contract_Month-to-month,Ofrecer migración a contrato anual con 15% de descuento.
5605-IYGFG,0.80156463,Contract_Month-to-month,Ofrecer migración a contrato anual con 15% de descuento.
4229-CZMLL,0.8003442,Contract_Month-to-month,Ofrecer migración a contrato anual con 15% de descuento.
6847-KJLTS,0.80010784,Contract_Month-to-month,Ofrecer migración a contrato anual con 15% de descuento.
8180-AKMJV,0.7995202,tenure,Llamada de cortesía: Asegurar satisfacción en sus primeros meses.
7861-UVUFT,0.79949886,Contract_Month-to-month,Ofrecer migración a contrato anual con 15% de descuento.
4854-CIDCF,0.79924554,Contract_Month-to-month,Ofrecer migración a contrato anual con 15% de descuento.
0122-OAHPZ,0.79884624,Contract_Month-to-month,Ofrecer migración a contrato anual con 15% de descuento.
6022-KOUQO,0.7984727,Contract_Month-to-month,Ofrecer migración a contrato anual con 15% de descuento.
3754-DXMRT,0.79797554,Contract_Month-to-month,Ofrecer migración a contrato anual con 15% de descuento.
7326-RIGQZ,0.7972228,Contract_Month-to-month,Ofrecer migración a contrato anual con 15% de descuento.
5760-IFJOZ,0.7971925,Contract_Month-to-month,Ofrecer migración a contrato anual con 15% de descuento.
6088-BXMRG,0.7970633,Contract_Month-to-month,Ofrecer migración a contrato anual con 15% de descuento.
0880-TKATG,0.79646367,Contract_Month-to-month,Ofrecer migración a contrato anual con 15% de descuento.
1932-UEDCX,0.7964375,Contract_Month-to-month,Ofrecer migración a contrato anual con 15% de descuento.
8835-VSDSE,0.79588854,Contract_Month-to-month,Ofrecer migración a contrato anual con 15% de descuento.
3644-QXEHN,0.795815,Contract_Month-to-month,Ofrecer migración a contrato anual con 15% de descuento.
6339-YPSAH,0.79533875,Contract_Month-to-month,Ofrecer migración a contrato anual con 15% de descuento.
3744-ZRRDZ,0.7951062,Contract_Month-to-month,Ofrecer migración a contrato anual con 15% de descuento.
4193-ORFCL,0.7942805,tenure,Llamada de cortesía: Asegurar satisfacción en sus primeros meses.
5747-PMBSQ,0.79380554,Contract_Month-to-month,Ofrecer migración a contrato anual con 15% de descuento.
8837-VVWLQ,0.79305315,Contract_Month-to-month,Ofrecer migración a contrato anual con 15% de descuento.
3370-GQEAL,0.7924915,Contract_Month-to-month,Ofrecer migración a contrato anual con 15% de descuento.
7245-NIIWQ,0.7919209,Contract_Month-to-month,Ofrecer migración a contrato anual con 15% de descuento.
1728-BQDMA,0.79163975,Contract_Month-to-month,Ofrecer migración a contrato anual con 15% de descuento.
5931-FLJJF,0.79097265,Contract_Month-to-month,Ofrecer migración a contrato anual con 15% de descuento.
3966-HRMZA,0.79030746,Contract_Month-to-month,Ofrecer migración a contrato anual con 15% de descuento.
5482-PLVPE,0.7896315,Contract_Month-to-month,Ofrecer migración a contrato anual con 15% de descuento.
0365-BZUWY,0.7895395,Contract_Month-to-month,Ofrecer migración a contrato anual con 15% de descuento.
1024-GUALD,0.7891334,Contract_Month-to-month,Ofrecer migración a contrato anual con 15% de descuento.
1963-SVUCV,0.7890534,Contract_Month-to-month,Ofrecer migración a contrato anual con 15% de descuento.
7359-PTSXY,0.7890534,Contract_Month-to-month,Ofrecer migración a contrato anual con 15% de descuento.
7587-AOVVU,0.7885632,Contract_Month-to-month,Ofrecer migración a contrato anual con 15% de descuento.
0231-LXVAP,0.78802186,Contract_Month-to-month,Ofrecer migración a contrato anual con 15% de descuento.
8290-YWKHZ,0.7875716,Contract_Month-to-month,Ofrecer migración a contrato anual con 15% de descuento.
4629-NRXKX,0.78726727,Contract_Month-to-month,Ofrecer migración a contrato anual con 15% de descuento.
7841-TZDMQ,0.7869371,Contract_Month-to-month,Ofrecer migración a contrato anual con 15% de descuento.
5959-BELXA,0.7868891,Contract_Month-to-month,Ofrecer migración a contrato anual con 15% de descuento.
5183-SNMJQ,0.78666615,Contract_Month-to-month,Ofrecer migración a contrato anual con 15% de descuento.
1867-BDVFH,0.7861569,Contract_Month-to-month,Ofrecer migración a contrato anual con 15% de descuento.
9274-CNFMO,0.7855595,Contract_Month-to-month,Ofrecer migración a contrato anual con 15% de descuento.
0378-NHQXU,0.7854762,Contract_Month-to-month,Ofrecer migración a contrato anual con 15% de descuento.
9685-WKZGT,0.785074,Contract_Month-to-month,Ofrecer migración a contrato anual con 15% de descuento.
6298-QDFNH,0.7850124,Contract_Month-to-month,Ofrecer migración a contrato anual con 15% de descuento.
5399-ZIMKF,0.78486377,Contract_Month-to-month,Ofrecer migración a contrato anual con 15% de descuento.
3577-AMVUX,0.78476983,tenure,Llamada de cortesía: Asegurar satisfacción en sus primeros meses.
2568-BRGYX,0.78346163,Contract_Month-to-month,Ofrecer migración a contrato anual con 15% de descuento.
2979-SXESE,0.78328866,Contract_Month-to-month,Ofrecer migración a contrato anual con 15% de descuento.
7625-XCQRH,0.7830662,Contract_Month-to-month,Ofrecer migración a contrato anual con 15% de descuento.
9093-FPDLG,0.78112155,MonthlyCharges,Ofrecer bundle (paquete) con servicios extra por el mismo precio.
3797-FKOGQ,0.7805551,Contract_Month-to-month,Ofrecer migración a contrato anual con 15% de descuento.
6168-WFVVF,0.7801056,Contract_Month-to-month,Ofrecer migración a contrato anual con 15% de descuento.
0674-DGMAQ,0.7799558,Contract_Month-to-month,Ofrecer migración a contrato anual con 15% de descuento.
1942-OQFRW,0.7792453,tenure,Llamada de cortesía: Asegurar satisfacción en sus primeros meses.
6661-HBGWL,0.7788727,Contract_Month-to-month,Ofrecer migración a contrato anual con 15% de descuento.
6833-JMZYP,0.7786144,Contract_Month-to-month,Ofrecer migración a contrato anual con 15% de descuento.
2058-DCJBE,0.77827275,Contract_Month-to-month,Ofrecer migración a contrato anual con 15% de descuento.
6651-AZVTJ,0.77741516,Contract_Month-to-month,Ofrecer migración a contrato anual con 15% de descuento.
9168-INPSZ,0.7774013,MonthlyCharges,Ofrecer bundle (paquete) con servicios extra por el mismo precio.
7321-PKUYW,0.7768876,Contract_Month-to-month,Ofrecer migración a contrato anual con 15% de descuento.
8270-RKSAP,0.7761817,Contract_Month-to-month,Ofrecer migración a contrato anual con 15% de descuento.
2482-CZGBB,0.7761817,Contract_Month-to-month,Ofrecer migración a contrato anual con 15% de descuento.
6128-AQBMT,0.77488214,Contract_Month-to-month,Ofrecer migración a contrato anual con 15% de descuento.
2272-QAGFO,0.7742099,Contract_Month-to-month,Ofrecer migración a contrato anual con 15% de descuento.
5022-KVDQT,0.7738012,Contract_Month-to-month,Ofrecer migración a contrato anual con 15% de descuento.
8118-TJAFG,0.7729027,Contract_Month-to-month,Ofrecer migración a contrato anual con 15% de descuento.
7410-YTJIK,0.7725679,Contract_Month-to-month,Ofrecer migración a contrato anual con 15% de descuento.
7534-BFESC,0.7713471,Contract_Month-to-month,Ofrecer migración a contrato anual con 15% de descuento.
0196-JTUQI,0.7711411,Contract_Month-to-month,Ofrecer migración a contrato anual con 15% de descuento.
9420-LOJKX,0.770283,Contract_Month-to-month,Ofrecer migración a contrato anual con 15% de descuento.
6326-MTTXK,0.7701483,Contract_Month-to-month,Ofrecer migración a contrato anual con 15% de descuento.
6467-CHFZW,0.7698615,Contract_Month-to-month,Ofrecer migración a contrato anual con 15% de descuento.
3143-JQEGI,0.7698328,Contract_Month-to-month,Ofrecer migración a contrato anual con 15% de descuento.
5692-FPTAH,0.7697743,tenure,Llamada de cortesía: Asegurar satisfacción en sus primeros meses.
4128-ETESU,0.76942736,Contract_Month-to-month,Ofrecer migración a contrato anual con 15% de descuento.
7242-QZLXF,0.76841503,Contract_Month-to-month,Ofrecer migración a contrato anual con 15% de descuento.
9692-TUSXH,0.76835,Contract_Month-to-month,Ofrecer migración a contrato anual con 15% de descuento.
9927-DSWDF,0.7679968,MonthlyCharges,Ofrecer bundle (paquete) con servicios extra por el mismo precio.
1918-ZBFQJ,0.7676522,Contract_Month-to-month,Ofrecer migración a contrato anual con 15% de descuento.
4583-PARNH,0.7676184,Contract_Month-to-month,Ofrecer migración a contrato anual con 15% de descuento.
4816-LXZYW,0.7675593,Contract_Month-to-month,Ofrecer migración a contrato anual con 15% de descuento.
7511-YMXVQ,0.7674456,Contract_Month-to-month,Ofrecer migración a contrato anual con 15% de descuento.
7394-FKDNK,0.7671433,Contract_Month-to-month,Ofrecer migración a contrato anual con 15% de descuento.
0315-LVCRK,0.766903,Contract_Month-to-month,Ofrecer migración a contrato anual con 15% de descuento.
1583-IHQZE,0.76675165,Contract_Month-to-month,Ofrecer migración a contrato anual con 15% de descuento.
3167-SNQPL,0.76643777,Contract_Month-to-month,Ofrecer migración a contrato anual con 15% de descuento.
0282-NVSJS,0.766428,Contract_Month-to-month,Ofrecer migración a contrato anual con 15% de descuento.
5696-QURRL,0.7662844,tenure,Llamada de cortesía: Asegurar satisfacción en sus primeros meses.
4237-RLAQD,0.7662844,tenure,Llamada de cortesía: Asegurar satisfacción en sus primeros meses.
9743-DQKQW,0.76599467,Contract_Month-to-month,Ofrecer migración a contrato anual con 15% de descuento.
6048-QBXKL,0.7658933,Contract_Month-to-month,Ofrecer migración a contrato anual con 15% de descuento.
6235-VDHOM,0.76529944,Contract_Month-to-month,Ofrecer migración a contrato anual con 15% de descuento.
6311-UEUME,0.76456964,Contract_Month-to-month,Ofrecer migración a contrato anual con 15% de descuento.
3481-JHUZH,0.7634507,Contract_Month-to-month,Ofrecer migración a contrato anual con 15% de descuento.
7733-UDMTP,0.7622948,Contract_Month-to-month,Ofrecer migración a contrato anual con 15% de descuento.
4029-HPFVY,0.7619393,Contract_Month-to-month,Ofrecer migración a contrato anual con 15% de descuento.
5047-LHVLY,0.76122373,tenure,Llamada de cortesía: Asegurar satisfacción en sus primeros meses.
3957-LXOLK,0.7607069,Contract_Month-to-month,Ofrecer migración a contrato anual con 15% de descuento.
9494-MRNYX,0.75882125,Contract_Month-to-month,Ofrecer migración a contrato anual con 15% de descuento.
6629-CZTTH,0.7585255,tenure,Llamada de cortesía: Asegurar satisfacción en sus primeros meses.
5044-LRQAQ,0.75845563,Contract_Month-to-month,Ofrecer migración a contrato anual con 15% de descuento.
0491-KAPQG,0.75779307,Contract_Month-to-month,Ofrecer migración a contrato anual con 15% de descuento.
9667-TKTVZ,0.7571531,Contract_Month-to-month,Ofrecer migración a contrato anual con 15% de descuento.
0125-LZQXK,0.75518775,Contract_Month-to-month,Ofrecer migración a contrato anual con 15% de descuento.
1000-AJSLD,0.7544986,tenure,Llamada de cortesía: Asegurar satisfacción en sus primeros meses.
5356-RHIPP,0.7544986,tenure,Llamada de cortesía: Asegurar satisfacción en sus primeros meses.
9348-YVOMK,0.754225,Contract_Month-to-month,Ofrecer migración a contrato anual con 15% de descuento.
2424-WVHPL,0.7541025,Contract_Month-to-month,Ofrecer migración a contrato anual con 15% de descuento.
1895-QTKDO,0.75291485,Contract_Month-to-month,Ofrecer migración a contrato anual con 15% de descuento.
0018-NYROU,0.7525462,Contract_Month-to-month,Ofrecer migración a contrato anual con 15% de descuento.
7206-PQBBZ,0.75191265,Contract_Month-to-month,Ofrecer migración a contrato anual con 15% de descuento.
6582-OIVSP,0.7515407,tenure,Llamada de cortesía: Asegurar satisfacción en sus primeros meses.
1724-IQWNM,0.7513421,tenure,Llamada de cortesía: Asegurar satisfacción en sus primeros meses.
3308-MHOOC,0.7513421,tenure,Llamada de cortesía: Asegurar satisfacción en sus primeros meses.
2344-JMOGN,0.7509793,Contract_Month-to-month,Ofrecer migración a contrato anual con 15% de descuento.
0958-YHXGP,0.7508543,Contract_Month-to-month,Ofrecer migración a contrato anual con 15% de descuento.
4373-MAVJG,0.75080854,Contract_Month-to-month,Ofrecer migración a contrato anual con 15% de descuento.
9796-BPKIW,0.7483764,Contract_Month-to-month,Ofrecer migración a contrato anual con 15% de descuento.
5016-IBERQ,0.74816376,Contract_Month-to-month,Ofrecer migración a contrato anual con 15% de descuento.
5600-KTXFM,0.7478994,Contract_Month-to-month,Ofrecer migración a contrato anual con 15% de descuento.
7593-XFKDI,0.74786496,tenure,Llamada de cortesía: Asegurar satisfacción en sus primeros meses.
6173-GOLSU,0.74387604,Contract_Month-to-month,Ofrecer migración a contrato anual con 15% de descuento.
9693-XMUOB,0.7431846,Contract_Month-to-month,Ofrecer migración a contrato anual con 15% de descuento.
2792-LSHWX,0.7429785,Contract_Month-to-month,Ofrecer migración a contrato anual con 15% de descuento.
4208-UFFGW,0.7429222,Contract_Month-to-month,Ofrecer migración a contrato anual con 15% de descuento.
8938-UMKPI,0.7427279,Contract_Month-to-month,Ofrecer migración a contrato anual con 15% de descuento.
7246-ZGQDF,0.74183905,tenure,Llamada de cortesía: Asegurar satisfacción en sus primeros meses.
3269-ATYWD,0.7417335,Contract_Month-to-month,Ofrecer migración a contrato anual con 15% de descuento.
1522-VVDMG,0.7414425,Contract_Month-to-month,Ofrecer migración a contrato anual con 15% de descuento.
3085-QUOZK,0.74056196,tenure,Llamada de cortesía: Asegurar satisfacción en sus primeros meses.
4727-MCYZG,0.74029964,tenure,Llamada de cortesía: Asegurar satisfacción en sus primeros meses.
9448-REEVD,0.73940146,Contract_Month-to-month,Ofrecer migración a contrato anual con 15% de descuento.
5896-NPFWW,0.73894274,Contract_Month-to-month,Ofrecer migración a contrato anual con 15% de descuento.
7279-BUYWN,0.7378873,Contract_Month-to-month,Ofrecer migración a contrato anual con 15% de descuento.
0447-RXSGD,0.7378229,Contract_Month-to-month,Ofrecer migración a contrato anual con 15% de descuento.
3165-HDOEW,0.737622,tenure,Llamada de cortesía: Asegurar satisfacción en sus primeros meses.
3453-RTHJQ,0.7375464,Contract_Month-to-month,Ofrecer migración a contrato anual con 15% de descuento.
4146-SVFUD,0.73678064,tenure,Llamada de cortesía: Asegurar satisfacción en sus primeros meses.
5449-FIBXJ,0.73658735,Contract_Month-to-month,Ofrecer migración a contrato anual con 15% de descuento.
2034-CGRHZ,0.7364676,Contract_Month-to-month,Ofrecer migración a contrato anual con 15% de descuento.
9947-OTFQU,0.7364356,Contract_Month-to-month,Ofrecer migración a contrato anual con 15% de descuento.
8778-LMWTJ,0.7363994,Contract_Month-to-month,Ofrecer migración a contrato anual con 15% de descuento.
6413-XKKPU,0.7359559,Contract_Month-to-month,Ofrecer migración a contrato anual con 15% de descuento.
1635-FJFCC,0.7351567,Contract_Month-to-month,Ofrecer migración a contrato anual con 15% de descuento.
4662-EKDPQ,0.7350444,Contract_Month-to-month,Ofrecer migración a contrato anual con 15% de descuento.
2468-SJFLM,0.734323,Contract_Month-to-month,Ofrecer migración a contrato anual con 15% de descuento.
4918-QLLIW,0.7335872,Contract_Month-to-month,Ofrecer migración a contrato anual con 15% de descuento.
1260-TTRXI,0.7334166,Contract_Month-to-month,Ofrecer migración a contrato anual con 15% de descuento.
1016-DJTSV,0.7325682,Contract_Month-to-month,Ofrecer migración a contrato anual con 15% de descuento.
2883-ILGWO,0.73245585,MonthlyCharges,Ofrecer bundle (paquete) con servicios extra por el mismo precio.
0749-IRGQE,0.7323092,Contract_Month-to-month,Ofrecer migración a contrato anual con 15% de descuento.
2625-TRCZQ,0.73185074,Contract_Month-to-month,Ofrecer migración a contrato anual con 15% de descuento.
9112-WSNPU,0.7317975,Contract_Month-to-month,Ofrecer migración a contrato anual con 15% de descuento.
0921-OHLVP,0.7312572,Contract_Month-to-month,Ofrecer migración a contrato anual con 15% de descuento.
9432-VOFYX,0.73122907,Contract_Month-to-month,Ofrecer migración a contrato anual con 15% de descuento.
9564-KCLHR,0.73108214,tenure,Llamada de cortesía: Asegurar satisfacción en sus primeros meses.
1092-GANHU,0.7303215,Contract_Month-to-month,Ofrecer migración a contrato anual con 15% de descuento.
3884-HCSWG,0.72927094,Contract_Month-to-month,Ofrecer migración a contrato anual con 15% de descuento.
2692-BUCFV,0.7268964,Contract_Month-to-month,Ofrecer migración a contrato anual con 15% de descuento.
2956-GGUCQ,0.7265189,Contract_Month-to-month,Ofrecer migración a contrato anual con 15% de descuento.
2826-DXLQO,0.72620994,Contract_Month-to-month,Ofrecer migración a contrato anual con 15% de descuento.
2860-RANUS,0.7249431,Contract_Month-to-month,Ofrecer migración a contrato anual con 15% de descuento.
2603-HVKCG,0.7243018,Contract_Month-to-month,Ofrecer migración a contrato anual con 15% de descuento.
2081-KJSQF,0.72406495,tenure,Llamada de cortesía: Asegurar satisfacción en sus primeros meses.
0620-DLSLK,0.7239008,Contract_Month-to-month,Ofrecer migración a contrato anual con 15% de descuento.
5204-QZXPU,0.723777,Contract_Month-to-month,Ofrecer migración a contrato anual con 15% de descuento.
1493-AMTIE,0.7229158,tenure,Llamada de cortesía: Asegurar satisfacción en sus primeros meses.
0089-IIQKO,0.72207487,MonthlyCharges,Ofrecer bundle (paquete) con servicios extra por el mismo precio.
4873-ILOLJ,0.72161645,Contract_Month-to-month,Ofrecer migración a contrato anual con 15% de descuento.
3223-DWFIO,0.72123015,Contract_Month-to-month,Ofrecer migración a contrato anual con 15% de descuento.
7802-EFKNY,0.71815103,Contract_Month-to-month,Ofrecer migración a contrato anual con 15% de descuento.
2840-XANRC,0.7176161,Contract_Month-to-month,Ofrecer migración a contrato anual con 15% de descuento.
5889-JTMUL,0.71729225,Contract_Month-to-month,Ofrecer migración a contrato anual con 15% de descuento.
4183-MYFRB,0.71677107,Contract_Month-to-month,Ofrecer migración a contrato anual con 15% de descuento.
8436-BJUMM,0.71565187,Contract_Month-to-month,Ofrecer migración a contrato anual con 15% de descuento.
1641-RQDAY,0.71554816,Contract_Month-to-month,Ofrecer migración a contrato anual con 15% de descuento.
1335-NTIUC,0.7138463,Contract_Month-to-month,Ofrecer migración a contrato anual con 15% de descuento.
4432-ADRLB,0.71287984,Contract_Month-to-month,Ofrecer migración a contrato anual con 15% de descuento.
4553-DVPZG,0.7128478,Contract_Month-to-month,Ofrecer migración a contrato anual con 15% de descuento.
6844-DZKRF,0.71274716,tenure,Llamada de cortesía: Asegurar satisfacción en sus primeros meses.
3995-WFCSM,0.7122671,Contract_Month-to-month,Ofrecer migración a contrato anual con 15% de descuento.
3503-TYDAY,0.71108663,Contract_Month-to-month,Ofrecer migración a contrato anual con 15% de descuento.
0148-DCDOS,0.7110667,Contract_Month-to-month,Ofrecer migración a contrato anual con 15% de descuento.
4729-XKASR,0.7110459,Contract_Month-to-month,Ofrecer migración a contrato anual con 15% de descuento.
9574-RKJIF,0.7110285,Contract_Month-to-month,Ofrecer migración a contrato anual con 15% de descuento.
2465-BLLEU,0.7109494,tenure,Llamada de cortesía: Asegurar satisfacción en sus primeros meses.
5906-BFOZT,0.7109494,tenure,Llamada de cortesía: Asegurar satisfacción en sus primeros meses.
0623-IIHUG,0.71036017,Contract_Month-to-month,Ofrecer migración a contrato anual con 15% de descuento.
6583-QGCSI,0.70901936,Contract_Month-to-month,Ofrecer migración a contrato anual con 15% de descuento.
5868-YTYKS,0.708552,tenure,Llamada de cortesía: Asegurar satisfacción en sus primeros meses.
5828-AVIPD,0.7072846,MonthlyCharges,Ofrecer bundle (paquete) con servicios extra por el mismo precio.
6624-JDRDS,0.7069017,Contract_Month-to-month,Ofrecer migración a contrato anual con 15% de descuento.
0093-XWZFY,0.7054489,Contract_Month-to-month,Ofrecer migración a contrato anual con 15% de descuento.
1320-REHCS,0.70542896,Contract_Month-to-month,Ofrecer migración a contrato anual con 15% de descuento.
2832-KJCRD,0.70536697,Contract_Month-to-month,Ofrecer migración a contrato anual con 15% de descuento.
8802-UNOJF,0.7050041,Contract_Month-to-month,Ofrecer migración a contrato anual con 15% de descuento.
9003-CPATH,0.70438653,Contract_Month-to-month,Ofrecer migración a contrato anual con 15% de descuento.
5129-JLPIS,0.7043213,Contract_Month-to-month,Ofrecer migración a contrato anual con 15% de descuento.
3990-QYKBE,0.70424044,Contract_Month-to-month,Ofrecer migración a contrato anual con 15% de descuento.
8784-CGILN,0.70419246,MonthlyCharges,Ofrecer bundle (paquete) con servicios extra por el mismo precio.
2519-FAKOD,0.7034976,Contract_Month-to-month,Ofrecer migración a contrato anual con 15% de descuento.
8637-XJIVR,0.70306575,Contract_Month-to-month,Ofrecer migración a contrato anual con 15% de descuento.
6366-ZGQGL,0.7030028,Contract_Month-to-month,Ofrecer migración a contrato anual con 15% de descuento.
9732-KPKBW,0.7025506,tenure,Llamada de cortesía: Asegurar satisfacción en sus primeros meses.
0637-UBJRP,0.7007126,Contract_Month-to-month,Ofrecer migración a contrato anual con 15% de descuento.
9492-TOKRI,0.7005649,Contract_Month-to-month,Ofrecer migración a contrato anual con 15% de descuento.
4547-LYTDD,0.7003002,Contract_Month-to-month,Ofrecer migración a contrato anual con 15% de descuento.
0585-EGDDA,0.6991814,Contract_Month-to-month,Ofrecer migración a contrato anual con 15% de descuento.
9979-RGMZT,0.6989566,MonthlyCharges,Ofrecer bundle (paquete) con servicios extra por el mismo precio.
4367-NHWMM,0.69823325,Contract_Month-to-month,Ofrecer migración a contrato anual con 15% de descuento.
0623-GDISB,0.69802314,tenure,Llamada de cortesía: Asegurar satisfacción en sus primeros meses.
7881-EVUAD,0.6971748,Contract_Month-to-month,Ofrecer migración a contrato anual con 15% de descuento.
8267-KFGYD,0.6967861,tenure,Llamada de cortesía: Asegurar satisfacción en sus primeros meses.
